{"stats":{"minecraft:broken":{"minecraft:iron_axe":4,"minecraft:stone_axe":2},"minecraft:picked_up":{"minecraft:charcoal":2,"minecraft:iron_chestplate":1,"minecraft:crafting_table":3,"minecraft:wheat":17,"minecraft:burn_pottery_sherd":1,"minecraft:smithing_table":8,"minecraft:lead":1,"minecraft:potato":16,"minecraft:flint":7,"minecraft:oak_log":14,"minecraft:string":1,"minecraft:dirt":42,"minecraft:blue_bed":2,"minecraft:iron_axe":1,"minecraft:explorer_pottery_sherd":1,"minecraft:apple":1,"minecraft:wheat_seeds":62,"minecraft:bell":2,"minecraft:spruce_planks":149,"minecraft:iron_ingot":11,"minecraft:grindstone":16,"minecraft:fletching_table":8,"minecraft:wooden_shovel":1,"minecraft:poppy":4,"minecraft:iron_pickaxe":1,"minecraft:chest":1,"minecraft:iron_sword":1,"minecraft:arms_up_pottery_sherd":1,"minecraft:spruce_trapdoor":47,"minecraft:iron_boots":1,"minecraft:furnace":1,"minecraft:stick":1089,"minecraft:composter":7,"minecraft:torch":19,"minecraft:gravel":86,"minecraft:stripped_spruce_log":3,"minecraft:spruce_sapling":155,"minecraft:spruce_log":1224,"minecraft:spider_eye":2,"minecraft:howl_pottery_sherd":1,"minecraft:pumpkin_seeds":4,"minecraft:purple_bed":4,"minecraft:rotten_flesh":2,"minecraft:hay_block":1,"minecraft:bread":9,"minecraft:oak_sapling":6,"minecraft:mutton":6,"minecraft:snowball":9,"minecraft:coal":57,"minecraft:white_wool":5,"minecraft:cobblestone":62},"minecraft:custom":{"minecraft:interact_with_smithing_table":1,"minecraft:mob_kills":14,"minecraft:traded_with_villager":308,"minecraft:interact_with_crafting_table":16,"minecraft:bell_ring":54,"minecraft:time_since_death":40781,"minecraft:sleep_in_bed":6,"minecraft:time_since_rest":7287,"minecraft:sprint_one_cm":224853,"minecraft:damage_taken":493,"minecraft:walk_one_cm":371154,"minecraft:drop":80,"minecraft:damage_dealt":4910,"minecraft:talked_to_villager":102,"minecraft:fly_one_cm":212645,"minecraft:open_chest":50,"minecraft:crouch_one_cm":14633,"minecraft:play_time":93797,"minecraft:deaths":1,"minecraft:sneak_time":5801,"minecraft:jump":1021,"minecraft:walk_on_water_one_cm":28,"minecraft:total_world_time":93797,"minecraft:fall_one_cm":26224},"minecraft:mined":{"minecraft:smithing_table":8,"minecraft:spruce_planks":131,"minecraft:glass_pane":1,"minecraft:snow_block":1,"minecraft:crafting_table":3,"minecraft:spruce_trapdoor":48,"minecraft:grass_block":11,"minecraft:decorated_pot":1,"minecraft:chest":1,"minecraft:dead_bush":3,"minecraft:campfire":1,"minecraft:tall_grass":12,"minecraft:cobblestone":1,"minecraft:deepslate_coal_ore":15,"minecraft:spruce_leaves":14,"minecraft:grindstone":16,"minecraft:composter":7,"minecraft:blue_bed":2,"minecraft:wall_torch":10,"minecraft:hay_block":1,"minecraft:purple_bed":4,"minecraft:spruce_sapling":3,"minecraft:furnace":1,"minecraft:wheat":18,"minecraft:snow":3,"minecraft:spruce_log":1230,"minecraft:pumpkin_stem":2,"minecraft:stripped_spruce_log":3,"supplementaries:stick":1,"minecraft:fletching_table":8,"minecraft:bell":2,"minecraft:grass":93,"minecraft:potatoes":5,"minecraft:coal_ore":18,"minecraft:oak_log":27,"minecraft:dirt_path":1,"minecraft:gravel":87,"minecraft:dirt":15,"minecraft:stone":40,"minecraft:fern":1},"minecraft:dropped":{"minecraft:stone_axe":2,"minecraft:wheat_seeds":62,"minecraft:wheat":2,"minecraft:rotten_flesh":1,"minecraft:fern":1,"minecraft:spruce_button":256,"minecraft:explorer_pottery_sherd":1,"minecraft:burn_pottery_sherd":1,"minecraft:pumpkin_seeds":4,"minecraft:stick":1088,"minecraft:poppy":4,"minecraft:howl_pottery_sherd":1,"minecraft:wooden_shovel":1,"minecraft:arms_up_pottery_sherd":1,"minecraft:spider_eye":2,"minecraft:stone_pickaxe":34},"minecraft:used":{"minecraft:chest":11,"minecraft:spruce_planks":441,"minecraft:wooden_pickaxe":10,"minecraft:iron_sword":75,"minecraft:composter":7,"minecraft:fletching_table":11,"minecraft:wooden_shovel":52,"minecraft:blue_bed":2,"minecraft:bell":2,"minecraft:iron_chestplate":1,"minecraft:stick":1,"minecraft:torch":21,"minecraft:dirt":39,"minecraft:crafting_table":5,"minecraft:snowball":4,"minecraft:wooden_axe":53,"minecraft:iron_axe":1060,"minecraft:bread":13,"betterend:iron_hammer":39,"minecraft:iron_pickaxe":45,"minecraft:iron_boots":1,"minecraft:spruce_trapdoor":39,"minecraft:spruce_sapling":63,"minecraft:gravel":72,"minecraft:stone_axe":472,"minecraft:purple_bed":4,"minecraft:oak_sapling":1,"minecraft:smithing_table":9,"minecraft:grindstone":11,"minecraft:potato":16},"minecraft:killed":{"minecraft:spider":2,"minecraft:iron_golem":3,"minecraft:sheep":5,"minecraft:trader_llama":1,"minecraft:zombie":3},"minecraft:crafted":{"minecraft:oak_planks":36,"minecraft:wooden_shovel":1,"minecraft:emerald":232,"minecraft:crafting_table":2,"minecraft:spruce_planks":4796,"minecraft:spruce_button":256,"minecraft:wooden_pickaxe":1,"minecraft:bell":2,"minecraft:iron_sword":6,"minecraft:smithing_table":1,"minecraft:fletching_table":3,"minecraft:stone_axe":4,"minecraft:bread":8,"minecraft:air":0,"minecraft:iron_axe":35,"minecraft:stick":8040,"betterend:iron_hammer":1,"minecraft:stone_pickaxe":34,"minecraft:wooden_axe":1,"minecraft:chest":10,"minecraft:torch":8,"minecraft:wheat":9},"minecraft:killed_by":{"minecraft:skeleton":1}},"DataVersion":3465}