{"stats":{"minecraft:picked_up":{"minecraft:charcoal":2,"minecraft:iron_chestplate":1,"minecraft:crafting_table":3,"minecraft:wheat":17,"minecraft:smithing_table":8,"minecraft:lead":1,"minecraft:string":1,"minecraft:iron_axe":1,"minecraft:explorer_pottery_sherd":1,"minecraft:spruce_planks":151,"minecraft:wooden_shovel":1,"minecraft:poppy":4,"minecraft:iron_pickaxe":1,"minecraft:chest":1,"minecraft:spruce_trapdoor":47,"minecraft:iron_boots":1,"minecraft:furnace":2,"minecraft:stick":1104,"minecraft:composter":7,"minecraft:torch":19,"minecraft:howl_pottery_sherd":1,"minecraft:rotten_flesh":2,"minecraft:hay_block":1,"minecraft:mutton":6,"minecraft:cobblestone":74,"minecraft:snowball":9,"minecraft:white_wool":5,"minecraft:burn_pottery_sherd":1,"minecraft:potato":17,"minecraft:flint":7,"minecraft:oak_log":14,"minecraft:blue_bed":2,"minecraft:dirt":52,"minecraft:apple":1,"minecraft:wheat_seeds":65,"minecraft:bell":2,"minecraft:grindstone":16,"minecraft:iron_ingot":11,"minecraft:fletching_table":8,"minecraft:iron_sword":1,"minecraft:arms_up_pottery_sherd":1,"minecraft:gravel":86,"minecraft:stripped_spruce_log":3,"minecraft:spruce_sapling":170,"minecraft:spruce_log":1459,"minecraft:spider_eye":2,"minecraft:pumpkin_seeds":4,"minecraft:purple_bed":4,"minecraft:bone_meal":1,"minecraft:bread":9,"minecraft:oak_sapling":6,"minecraft:coal":57},"minecraft:broken":{"minecraft:iron_axe":4,"minecraft:stone_axe":2},"minecraft:dropped":{"minecraft:wheat_seeds":65,"minecraft:spruce_button":256,"minecraft:explorer_pottery_sherd":1,"minecraft:burn_pottery_sherd":1,"minecraft:stick":1088,"minecraft:stone_axe":2,"minecraft:wheat":2,"minecraft:rotten_flesh":1,"minecraft:fern":1,"minecraft:pumpkin_seeds":4,"minecraft:poppy":4,"minecraft:howl_pottery_sherd":1,"minecraft:arms_up_pottery_sherd":1,"minecraft:wooden_shovel":1,"minecraft:spider_eye":2,"minecraft:stone_pickaxe":34},"minecraft:mined":{"minecraft:spruce_planks":133,"minecraft:spruce_trapdoor":48,"minecraft:grass_block":14,"minecraft:decorated_pot":1,"minecraft:spruce_leaves":14,"minecraft:composter":7,"minecraft:hay_block":1,"minecraft:spruce_sapling":4,"minecraft:furnace":2,"minecraft:snow":3,"minecraft:stripped_spruce_log":3,"minecraft:fletching_table":8,"minecraft:bell":2,"supplementaries:stick":1,"minecraft:potatoes":5,"minecraft:dirt_path":1,"minecraft:stone":52,"minecraft:smithing_table":8,"minecraft:glass_pane":1,"minecraft:snow_block":1,"minecraft:crafting_table":3,"minecraft:chest":1,"minecraft:dead_bush":3,"minecraft:campfire":1,"minecraft:tall_grass":12,"minecraft:cobblestone":1,"minecraft:deepslate_coal_ore":15,"minecraft:grindstone":16,"minecraft:blue_bed":2,"minecraft:wall_torch":10,"minecraft:purple_bed":4,"minecraft:wheat":18,"minecraft:spruce_log":1465,"minecraft:pumpkin_stem":2,"minecraft:grass":128,"minecraft:oak_log":27,"minecraft:coal_ore":18,"minecraft:gravel":87,"minecraft:dirt":22,"minecraft:fern":1},"minecraft:killed":{"minecraft:spider":2,"minecraft:iron_golem":3,"minecraft:sheep":5,"minecraft:trader_llama":1,"minecraft:zombie":3},"minecraft:used":{"minecraft:iron_shovel":6,"minecraft:spruce_planks":441,"minecraft:chest":11,"minecraft:iron_sword":75,"minecraft:wooden_shovel":52,"minecraft:bell":2,"minecraft:iron_chestplate":1,"minecraft:stick":1,"minecraft:torch":24,"minecraft:dirt":49,"minecraft:snowball":4,"minecraft:wooden_axe":53,"minecraft:iron_axe":1310,"minecraft:iron_boots":1,"minecraft:furnace":1,"minecraft:oak_sapling":1,"minecraft:potato":17,"minecraft:wooden_pickaxe":10,"minecraft:composter":7,"minecraft:fletching_table":11,"minecraft:blue_bed":2,"minecraft:crafting_table":5,"minecraft:bread":14,"betterend:iron_hammer":39,"minecraft:iron_pickaxe":58,"minecraft:spruce_trapdoor":39,"minecraft:spruce_sapling":76,"minecraft:gravel":72,"minecraft:stone_axe":472,"minecraft:purple_bed":4,"minecraft:grindstone":11,"minecraft:smithing_table":9},"minecraft:killed_by":{"minecraft:skeleton":1},"minecraft:crafted":{"minecraft:smooth_stone":3,"minecraft:oak_planks":36,"minecraft:spruce_button":256,"minecraft:stone":3,"minecraft:iron_axe":35,"minecraft:stone_pickaxe":34,"minecraft:chest":10,"minecraft:wheat":9,"minecraft:wooden_shovel":1,"minecraft:emerald":280,"minecraft:crafting_table":2,"minecraft:spruce_planks":5736,"minecraft:wooden_pickaxe":1,"minecraft:iron_sword":6,"minecraft:bell":2,"minecraft:smithing_table":1,"minecraft:fletching_table":3,"minecraft:stone_axe":4,"minecraft:bread":98,"minecraft:air":0,"minecraft:stick":9928,"betterend:iron_hammer":1,"minecraft:wooden_axe":1,"minecraft:iron_shovel":1,"minecraft:torch":36},"minecraft:custom":{"minecraft:interact_with_smithing_table":1,"minecraft:mob_kills":14,"minecraft:interact_with_crafting_table":21,"minecraft:bell_ring":54,"minecraft:leave_game":1,"minecraft:time_since_death":59836,"minecraft:sprint_one_cm":247113,"minecraft:walk_one_cm":399104,"minecraft:drop":82,"minecraft:talked_to_villager":139,"minecraft:play_time":112852,"minecraft:deaths":1,"minecraft:sneak_time":6118,"minecraft:jump":1076,"minecraft:walk_on_water_one_cm":28,"minecraft:total_world_time":112852,"minecraft:interact_with_furnace":5,"minecraft:traded_with_villager":371,"minecraft:sleep_in_bed":7,"minecraft:time_since_rest":6129,"minecraft:damage_taken":513,"minecraft:damage_dealt":4910,"minecraft:fly_one_cm":227998,"minecraft:open_chest":69,"minecraft:crouch_one_cm":15189,"minecraft:fall_one_cm":27046}},"DataVersion":3465}