{"stats":{"minecraft:broken":{"minecraft:stone_axe":1},"minecraft:custom":{"minecraft:mob_kills":12,"minecraft:traded_with_villager":37,"minecraft:interact_with_crafting_table":10,"minecraft:bell_ring":54,"minecraft:time_since_death":16781,"minecraft:sleep_in_bed":5,"minecraft:time_since_rest":1463,"minecraft:sprint_one_cm":139085,"minecraft:damage_taken":278,"minecraft:walk_one_cm":302466,"minecraft:drop":17,"minecraft:damage_dealt":4410,"minecraft:talked_to_villager":31,"minecraft:fly_one_cm":146012,"minecraft:open_chest":23,"minecraft:crouch_one_cm":13859,"minecraft:play_time":69797,"minecraft:deaths":1,"minecraft:sneak_time":5536,"minecraft:jump":738,"minecraft:total_world_time":69797,"minecraft:fall_one_cm":22174},"minecraft:picked_up":{"minecraft:charcoal":2,"minecraft:iron_chestplate":1,"minecraft:crafting_table":3,"minecraft:burn_pottery_sherd":1,"minecraft:smithing_table":8,"minecraft:lead":1,"minecraft:flint":7,"minecraft:oak_log":9,"minecraft:dirt":18,"minecraft:blue_bed":2,"minecraft:iron_axe":1,"minecraft:explorer_pottery_sherd":1,"minecraft:apple":1,"minecraft:wheat_seeds":10,"minecraft:bell":2,"minecraft:spruce_planks":143,"minecraft:iron_ingot":11,"minecraft:grindstone":14,"minecraft:fletching_table":8,"minecraft:wooden_shovel":1,"minecraft:poppy":4,"minecraft:iron_pickaxe":1,"minecraft:iron_sword":1,"minecraft:arms_up_pottery_sherd":1,"minecraft:spruce_trapdoor":47,"minecraft:iron_boots":1,"minecraft:furnace":1,"minecraft:stick":31,"minecraft:composter":5,"minecraft:torch":16,"minecraft:gravel":86,"minecraft:stripped_spruce_log":1,"minecraft:spruce_sapling":47,"minecraft:spruce_log":265,"minecraft:howl_pottery_sherd":1,"minecraft:purple_bed":4,"minecraft:rotten_flesh":2,"minecraft:hay_block":1,"minecraft:bread":9,"minecraft:oak_sapling":5,"minecraft:mutton":6,"minecraft:snowball":6,"minecraft:coal":57,"minecraft:white_wool":5,"minecraft:cobblestone":62},"minecraft:mined":{"minecraft:smithing_table":8,"minecraft:spruce_planks":125,"minecraft:glass_pane":1,"minecraft:snow_block":1,"minecraft:crafting_table":3,"minecraft:spruce_trapdoor":48,"minecraft:grass_block":11,"minecraft:decorated_pot":1,"minecraft:dead_bush":3,"minecraft:campfire":1,"minecraft:tall_grass":10,"minecraft:cobblestone":1,"minecraft:deepslate_coal_ore":15,"minecraft:spruce_leaves":2,"minecraft:grindstone":14,"minecraft:composter":5,"minecraft:blue_bed":2,"minecraft:wall_torch":10,"minecraft:hay_block":1,"minecraft:purple_bed":4,"minecraft:spruce_sapling":1,"minecraft:furnace":1,"minecraft:snow":2,"minecraft:spruce_log":268,"minecraft:stripped_spruce_log":1,"minecraft:fletching_table":8,"minecraft:bell":2,"minecraft:grass":81,"minecraft:coal_ore":18,"minecraft:oak_log":22,"minecraft:dirt_path":1,"minecraft:gravel":87,"minecraft:dirt":6,"minecraft:stone":40},"minecraft:dropped":{"minecraft:wheat_seeds":10,"minecraft:rotten_flesh":1,"minecraft:fern":1,"minecraft:spruce_button":256,"minecraft:explorer_pottery_sherd":1,"minecraft:burn_pottery_sherd":1,"minecraft:poppy":2,"minecraft:howl_pottery_sherd":1,"minecraft:arms_up_pottery_sherd":1},"minecraft:used":{"minecraft:chest":2,"minecraft:spruce_planks":441,"minecraft:wooden_pickaxe":10,"minecraft:iron_sword":67,"minecraft:composter":5,"minecraft:fletching_table":11,"minecraft:wooden_shovel":46,"minecraft:blue_bed":2,"minecraft:bell":2,"minecraft:iron_chestplate":1,"minecraft:torch":20,"minecraft:dirt":18,"minecraft:crafting_table":4,"minecraft:snowball":1,"minecraft:wooden_axe":53,"minecraft:iron_axe":209,"minecraft:bread":7,"betterend:iron_hammer":39,"minecraft:iron_pickaxe":43,"minecraft:iron_boots":1,"minecraft:spruce_trapdoor":39,"minecraft:spruce_sapling":17,"minecraft:gravel":72,"minecraft:stone_axe":281,"minecraft:purple_bed":4,"minecraft:smithing_table":9,"minecraft:grindstone":9},"minecraft:killed":{"minecraft:iron_golem":3,"minecraft:sheep":5,"minecraft:trader_llama":1,"minecraft:zombie":3},"minecraft:crafted":{"minecraft:oak_planks":36,"minecraft:wooden_shovel":1,"minecraft:emerald":33,"minecraft:crafting_table":1,"minecraft:spruce_planks":1108,"minecraft:spruce_button":256,"minecraft:wooden_pickaxe":1,"minecraft:smithing_table":1,"minecraft:fletching_table":3,"minecraft:stone_axe":2,"minecraft:air":0,"minecraft:iron_axe":1,"minecraft:stick":1056,"betterend:iron_hammer":1,"minecraft:stone_pickaxe":4,"minecraft:wooden_axe":1,"minecraft:chest":2,"minecraft:torch":8,"minecraft:wheat":9},"minecraft:killed_by":{"minecraft:skeleton":1}},"DataVersion":3465}