{"stats":{"minecraft:broken":{"minecraft:stone_axe":1},"minecraft:custom":{"minecraft:mob_kills":11,"minecraft:interact_with_crafting_table":7,"minecraft:bell_ring":41,"minecraft:time_since_death":4781,"minecraft:sleep_in_bed":4,"minecraft:time_since_rest":4353,"minecraft:sprint_one_cm":126764,"minecraft:damage_taken":258,"minecraft:walk_one_cm":258522,"minecraft:drop":11,"minecraft:damage_dealt":3530,"minecraft:talked_to_villager":6,"minecraft:fly_one_cm":128644,"minecraft:open_chest":16,"minecraft:crouch_one_cm":12360,"minecraft:play_time":57797,"minecraft:deaths":1,"minecraft:sneak_time":4822,"minecraft:jump":658,"minecraft:total_world_time":57797,"minecraft:fall_one_cm":19082},"minecraft:picked_up":{"minecraft:charcoal":2,"minecraft:iron_chestplate":1,"minecraft:crafting_table":3,"minecraft:burn_pottery_sherd":1,"minecraft:lead":1,"minecraft:flint":2,"minecraft:oak_log":9,"minecraft:dirt":10,"minecraft:blue_bed":2,"minecraft:iron_axe":1,"minecraft:explorer_pottery_sherd":1,"minecraft:apple":1,"minecraft:wheat_seeds":10,"minecraft:bell":2,"minecraft:spruce_planks":135,"minecraft:iron_ingot":7,"minecraft:grindstone":14,"minecraft:wooden_shovel":1,"minecraft:poppy":2,"minecraft:iron_pickaxe":1,"minecraft:iron_sword":1,"minecraft:arms_up_pottery_sherd":1,"minecraft:spruce_trapdoor":47,"minecraft:iron_boots":1,"minecraft:furnace":1,"minecraft:stick":31,"minecraft:composter":3,"minecraft:torch":15,"minecraft:gravel":19,"minecraft:stripped_spruce_log":1,"minecraft:spruce_sapling":47,"minecraft:spruce_log":265,"minecraft:howl_pottery_sherd":1,"minecraft:purple_bed":4,"minecraft:rotten_flesh":2,"minecraft:hay_block":1,"minecraft:bread":9,"minecraft:oak_sapling":5,"minecraft:mutton":6,"minecraft:snowball":5,"minecraft:coal":57,"minecraft:white_wool":5,"minecraft:cobblestone":50},"minecraft:mined":{"minecraft:spruce_planks":117,"minecraft:snow_block":1,"minecraft:crafting_table":3,"minecraft:spruce_trapdoor":48,"minecraft:grass_block":8,"minecraft:decorated_pot":1,"minecraft:dead_bush":3,"minecraft:campfire":1,"minecraft:tall_grass":10,"minecraft:deepslate_coal_ore":15,"minecraft:spruce_leaves":2,"minecraft:grindstone":14,"minecraft:composter":3,"minecraft:blue_bed":2,"minecraft:wall_torch":9,"minecraft:hay_block":1,"minecraft:purple_bed":4,"minecraft:spruce_sapling":1,"minecraft:furnace":1,"minecraft:snow":1,"minecraft:spruce_log":268,"minecraft:stripped_spruce_log":1,"minecraft:bell":2,"minecraft:grass":80,"minecraft:coal_ore":18,"minecraft:oak_log":22,"minecraft:dirt_path":1,"minecraft:gravel":15,"minecraft:dirt":1,"minecraft:stone":29},"minecraft:dropped":{"minecraft:wheat_seeds":10,"minecraft:fern":1,"minecraft:explorer_pottery_sherd":1,"minecraft:burn_pottery_sherd":1,"minecraft:howl_pottery_sherd":1,"minecraft:arms_up_pottery_sherd":1},"minecraft:used":{"minecraft:chest":2,"minecraft:spruce_planks":432,"minecraft:wooden_pickaxe":10,"minecraft:iron_sword":51,"minecraft:composter":2,"minecraft:wooden_shovel":24,"minecraft:blue_bed":2,"minecraft:bell":1,"minecraft:iron_chestplate":1,"minecraft:torch":19,"minecraft:dirt":5,"minecraft:crafting_table":4,"minecraft:wooden_axe":53,"minecraft:iron_axe":182,"minecraft:bread":4,"betterend:iron_hammer":39,"minecraft:iron_pickaxe":31,"minecraft:iron_boots":1,"minecraft:spruce_trapdoor":39,"minecraft:spruce_sapling":17,"minecraft:stone_axe":281,"minecraft:purple_bed":4,"minecraft:grindstone":8},"minecraft:killed":{"minecraft:iron_golem":2,"minecraft:sheep":5,"minecraft:trader_llama":1,"minecraft:zombie":3},"minecraft:crafted":{"minecraft:wooden_shovel":1,"minecraft:crafting_table":1,"minecraft:spruce_planks":432,"minecraft:wooden_pickaxe":1,"minecraft:stone_axe":2,"minecraft:iron_axe":1,"minecraft:stick":8,"betterend:iron_hammer":1,"minecraft:wooden_axe":1,"minecraft:chest":2,"minecraft:torch":8,"minecraft:wheat":9},"minecraft:killed_by":{"minecraft:skeleton":1}},"DataVersion":3465}