{"stats":{"minecraft:picked_up":{"minecraft:charcoal":2,"minecraft:iron_chestplate":3,"minecraft:crafting_table":3,"minecraft:wheat":17,"minecraft:chest_minecart":1,"minecraft:smithing_table":8,"minecraft:lead":1,"minecraft:enchanted_book":2,"minecraft:string":34,"minecraft:iron_axe":7,"minecraft:explorer_pottery_sherd":1,"minecraft:iron_shovel":1,"supplementaries:bomb":2,"minecraft:activator_rail":4,"minecraft:spruce_planks":214,"minecraft:wooden_shovel":1,"minecraft:poppy":4,"minecraft:iron_pickaxe":2,"supplementaries:rope":10,"minecraft:chest":1,"minecraft:spruce_trapdoor":47,"minecraft:iron_boots":3,"minecraft:furnace":3,"minecraft:raw_iron":93,"minecraft:stick":1173,"minecraft:composter":7,"minecraft:torch":58,"minecraft:diorite":4,"minecraft:redstone":18,"minecraft:howl_pottery_sherd":1,"minecraft:arrow":4,"minecraft:rotten_flesh":4,"minecraft:hay_block":1,"minecraft:glow_berries":13,"minecraft:mutton":6,"marblemodfabric:raw_marble":82,"minecraft:rail":24,"minecraft:cobblestone":244,"minecraft:snowball":9,"minecraft:white_wool":5,"jewelry:gold_ring":1,"minecraft:burn_pottery_sherd":1,"minecraft:potato":17,"minecraft:flint":7,"minecraft:oak_log":16,"minecraft:blue_bed":2,"minecraft:dirt":60,"minecraft:bone":3,"minecraft:apple":1,"minecraft:wheat_seeds":75,"minecraft:bell":2,"minecraft:grindstone":16,"minecraft:iron_ingot":11,"minecraft:fletching_table":8,"minecraft:iron_sword":3,"minecraft:arms_up_pottery_sherd":1,"minecraft:gravel":87,"minecraft:stripped_spruce_log":3,"minecraft:spruce_sapling":262,"minecraft:spruce_log":2494,"minecraft:spider_eye":4,"minecraft:pumpkin_seeds":8,"minecraft:purple_bed":4,"minecraft:bone_meal":1,"minecraft:bread":128,"minecraft:oak_sapling":6,"minecraft:melon_seeds":4,"minecraft:coal":130},"minecraft:broken":{"minecraft:iron_axe":4,"minecraft:stone_axe":2,"minecraft:iron_pickaxe":1},"minecraft:dropped":{"minecraft:iron_sword":3,"minecraft:wheat_seeds":75,"minecraft:diamond_leggings":1,"minecraft:chest_minecart":1,"minecraft:spruce_button":256,"minecraft:explorer_pottery_sherd":1,"minecraft:burn_pottery_sherd":1,"minecraft:stick":1088,"minecraft:iron_axe":29,"minecraft:iron_pickaxe":5,"minecraft:stone_axe":2,"minecraft:wheat":2,"minecraft:raw_iron":8,"minecraft:rotten_flesh":3,"minecraft:iron_boots":25,"minecraft:fern":1,"minecraft:pumpkin_seeds":8,"minecraft:chainmail_chestplate":12,"minecraft:poppy":4,"minecraft:iron_chestplate":1,"minecraft:howl_pottery_sherd":1,"minecraft:melon_seeds":4,"minecraft:arms_up_pottery_sherd":1,"minecraft:wooden_shovel":1,"minecraft:spider_eye":4,"minecraft:stone_pickaxe":34,"minecraft:bell":18},"minecraft:mined":{"minecraft:spruce_planks":134,"minecraft:spruce_trapdoor":48,"marblemodfabric:raw_marble":41,"minecraft:grass_block":16,"minecraft:decorated_pot":1,"minecraft:spruce_leaves":22,"minecraft:composter":7,"minecraft:hay_block":1,"minecraft:spruce_sapling":6,"minecraft:furnace":3,"minecraft:iron_ore":40,"minecraft:snow":3,"minecraft:stripped_spruce_log":3,"minecraft:fletching_table":8,"minecraft:bell":2,"supplementaries:stick":1,"minecraft:potatoes":5,"minecraft:dirt_path":1,"minecraft:packed_ice":2,"minecraft:stone":132,"minecraft:smithing_table":8,"minecraft:glass_pane":1,"minecraft:snow_block":1,"minecraft:crafting_table":3,"minecraft:chest":1,"minecraft:dead_bush":3,"minecraft:campfire":1,"minecraft:tall_grass":22,"minecraft:cobblestone":4,"minecraft:deepslate_coal_ore":15,"minecraft:grindstone":16,"minecraft:diorite":4,"minecraft:blue_bed":2,"minecraft:wall_torch":13,"minecraft:purple_bed":4,"minecraft:wheat":18,"minecraft:spruce_log":2108,"minecraft:pumpkin_stem":2,"minecraft:grass":199,"minecraft:oak_log":27,"minecraft:coal_ore":39,"minecraft:gravel":87,"minecraft:dirt":29,"minecraft:cobweb":16,"minecraft:fern":1},"minecraft:killed":{"minecraft:spider":3,"minecraft:skeleton":3,"minecraft:iron_golem":3,"minecraft:sheep":5,"minecraft:trader_llama":1,"minecraft:zombie":5},"minecraft:used":{"minecraft:iron_shovel":6,"minecraft:spruce_planks":441,"minecraft:chest":13,"minecraft:iron_sword":117,"minecraft:wooden_shovel":52,"minecraft:bell":2,"minecraft:iron_chestplate":1,"minecraft:stick":1,"minecraft:torch":96,"minecraft:dirt":57,"minecraft:snowball":4,"minecraft:wooden_axe":53,"minecraft:iron_axe":2003,"minecraft:iron_boots":3,"minecraft:furnace":4,"minecraft:oak_sapling":1,"minecraft:potato":17,"minecraft:diorite":4,"minecraft:wooden_pickaxe":10,"minecraft:composter":7,"minecraft:fletching_table":11,"minecraft:blue_bed":2,"minecraft:crafting_table":5,"minecraft:blast_furnace":1,"minecraft:bread":25,"betterend:iron_hammer":39,"minecraft:iron_pickaxe":253,"minecraft:spruce_trapdoor":40,"minecraft:spruce_sapling":122,"minecraft:gravel":73,"minecraft:stone_axe":472,"minecraft:cobblestone":13,"minecraft:purple_bed":4,"minecraft:grindstone":11,"minecraft:smithing_table":9},"minecraft:killed_by":{"minecraft:creeper":1,"minecraft:skeleton":2},"minecraft:crafted":{"minecraft:smooth_stone":3,"minecraft:oak_planks":40,"minecraft:spruce_button":256,"minecraft:sand":64,"minecraft:furnace":2,"minecraft:blast_furnace":1,"minecraft:stone":3,"minecraft:diamond_helmet":1,"minecraft:diamond_leggings":2,"minecraft:iron_boots":27,"minecraft:iron_axe":59,"minecraft:stone_pickaxe":34,"minecraft:chest":14,"minecraft:diamond_boots":1,"minecraft:wheat":9,"minecraft:wooden_shovel":1,"minecraft:emerald":364,"minecraft:crafting_table":2,"minecraft:spruce_planks":7476,"minecraft:wooden_pickaxe":1,"minecraft:iron_sword":9,"minecraft:bell":20,"minecraft:chainmail_chestplate":12,"minecraft:smithing_table":1,"minecraft:fletching_table":3,"minecraft:stone_axe":4,"minecraft:bread":98,"minecraft:air":0,"minecraft:stick":13340,"betterend:iron_hammer":1,"minecraft:iron_pickaxe":6,"minecraft:iron_ingot":4,"minecraft:wooden_axe":1,"minecraft:iron_shovel":1,"minecraft:torch":60,"minecraft:diamond_chestplate":1},"minecraft:custom":{"minecraft:interact_with_smithing_table":1,"minecraft:mob_kills":20,"minecraft:interact_with_crafting_table":26,"minecraft:bell_ring":54,"minecraft:leave_game":1,"minecraft:time_since_death":12455,"minecraft:sprint_one_cm":353842,"minecraft:walk_one_cm":479611,"minecraft:drop":173,"minecraft:talked_to_villager":180,"minecraft:play_time":148852,"minecraft:deaths":3,"minecraft:sneak_time":8500,"minecraft:walk_under_water_one_cm":76,"minecraft:jump":1552,"minecraft:walk_on_water_one_cm":1352,"minecraft:total_world_time":148852,"minecraft:interact_with_furnace":13,"minecraft:traded_with_villager":558,"minecraft:sleep_in_bed":9,"minecraft:time_since_rest":12249,"minecraft:damage_taken":1537,"minecraft:damage_dealt":6534,"minecraft:swim_one_cm":766,"minecraft:fly_one_cm":346290,"minecraft:open_chest":103,"minecraft:crouch_one_cm":19225,"minecraft:fall_one_cm":41727}},"DataVersion":3465}