{"stats":{"minecraft:picked_up":{"minecraft:charcoal":2,"minecraft:iron_chestplate":3,"minecraft:crafting_table":3,"minecraft:wheat":17,"minecraft:chest_minecart":1,"minecraft:smithing_table":8,"minecraft:lead":1,"minecraft:enchanted_book":2,"minecraft:string":34,"minecraft:iron_axe":19,"minecraft:explorer_pottery_sherd":1,"minecraft:iron_shovel":1,"supplementaries:bomb":2,"minecraft:activator_rail":4,"minecraft:spruce_planks":214,"minecraft:wooden_shovel":1,"minecraft:poppy":4,"minecraft:iron_pickaxe":2,"supplementaries:rope":10,"minecraft:chest":1,"minecraft:spruce_trapdoor":47,"minecraft:iron_boots":3,"minecraft:furnace":3,"minecraft:raw_iron":93,"minecraft:stick":1190,"minecraft:composter":7,"minecraft:torch":58,"minecraft:diorite":4,"minecraft:redstone":18,"minecraft:howl_pottery_sherd":1,"minecraft:arrow":4,"minecraft:rotten_flesh":4,"minecraft:hay_block":1,"minecraft:glow_berries":13,"minecraft:mutton":6,"marblemodfabric:raw_marble":82,"minecraft:rail":24,"minecraft:cobblestone":244,"minecraft:snowball":9,"minecraft:white_wool":5,"jewelry:gold_ring":1,"minecraft:burn_pottery_sherd":1,"minecraft:potato":17,"minecraft:flint":7,"minecraft:oak_log":16,"minecraft:blue_bed":2,"minecraft:dirt":60,"minecraft:bone":3,"minecraft:apple":1,"minecraft:wheat_seeds":75,"minecraft:bell":14,"minecraft:grindstone":24,"minecraft:iron_ingot":11,"minecraft:fletching_table":8,"minecraft:iron_sword":5,"minecraft:arms_up_pottery_sherd":1,"minecraft:gravel":87,"minecraft:stripped_spruce_log":3,"minecraft:spruce_sapling":298,"minecraft:spruce_log":2719,"minecraft:spider_eye":4,"minecraft:pumpkin_seeds":8,"minecraft:purple_bed":4,"minecraft:diamond_axe":1,"minecraft:bone_meal":1,"minecraft:emerald":10,"minecraft:bread":128,"minecraft:oak_sapling":6,"minecraft:melon_seeds":4,"minecraft:coal":130},"minecraft:broken":{"minecraft:iron_axe":4,"minecraft:stone_axe":2,"minecraft:iron_pickaxe":1},"minecraft:dropped":{"minecraft:iron_sword":13,"minecraft:wheat_seeds":75,"minecraft:diamond_axe":1,"minecraft:diamond_leggings":1,"minecraft:cookie":432,"minecraft:chest_minecart":1,"minecraft:spruce_button":256,"minecraft:explorer_pottery_sherd":1,"minecraft:burn_pottery_sherd":1,"minecraft:emerald":10,"minecraft:stick":1088,"minecraft:iron_axe":94,"minecraft:iron_pickaxe":5,"minecraft:stone_axe":2,"minecraft:wheat":2,"minecraft:raw_iron":8,"minecraft:rotten_flesh":3,"minecraft:iron_boots":25,"minecraft:fern":1,"minecraft:pumpkin_seeds":8,"minecraft:suspicious_stew":24,"minecraft:chainmail_chestplate":12,"minecraft:poppy":4,"minecraft:iron_chestplate":1,"minecraft:howl_pottery_sherd":1,"minecraft:melon_seeds":4,"minecraft:arms_up_pottery_sherd":1,"minecraft:wooden_shovel":1,"minecraft:spider_eye":4,"minecraft:stone_pickaxe":46,"minecraft:bell":68},"minecraft:mined":{"minecraft:spruce_planks":134,"minecraft:spruce_trapdoor":48,"marblemodfabric:raw_marble":41,"minecraft:grass_block":16,"minecraft:decorated_pot":1,"minecraft:spruce_leaves":33,"minecraft:composter":7,"minecraft:hay_block":1,"minecraft:spruce_sapling":7,"minecraft:furnace":3,"minecraft:iron_ore":40,"minecraft:snow":3,"minecraft:stripped_spruce_log":3,"minecraft:fletching_table":8,"minecraft:bell":2,"supplementaries:stick":1,"minecraft:potatoes":5,"minecraft:dirt_path":1,"minecraft:packed_ice":2,"minecraft:stone":132,"minecraft:smithing_table":8,"minecraft:glass_pane":1,"minecraft:snow_block":1,"minecraft:crafting_table":3,"minecraft:chest":1,"minecraft:dead_bush":3,"minecraft:campfire":1,"minecraft:tall_grass":22,"minecraft:cobblestone":4,"minecraft:deepslate_coal_ore":15,"minecraft:grindstone":24,"minecraft:diorite":4,"minecraft:blue_bed":2,"minecraft:wall_torch":13,"minecraft:purple_bed":4,"minecraft:wheat":18,"minecraft:spruce_log":2333,"minecraft:pumpkin_stem":2,"minecraft:grass":199,"minecraft:oak_log":27,"minecraft:coal_ore":39,"minecraft:gravel":87,"minecraft:dirt":29,"minecraft:cobweb":16,"minecraft:fern":1},"minecraft:killed":{"minecraft:spider":3,"minecraft:skeleton":3,"minecraft:iron_golem":3,"minecraft:sheep":5,"minecraft:trader_llama":1,"minecraft:zombie":5},"minecraft:used":{"minecraft:iron_shovel":6,"minecraft:spruce_planks":441,"minecraft:chest":13,"minecraft:iron_sword":117,"minecraft:wooden_shovel":52,"minecraft:bell":2,"minecraft:iron_chestplate":1,"minecraft:stick":1,"minecraft:torch":96,"minecraft:dirt":57,"minecraft:snowball":4,"minecraft:wooden_axe":53,"minecraft:iron_axe":2244,"minecraft:iron_boots":3,"minecraft:furnace":4,"minecraft:oak_sapling":1,"minecraft:potato":17,"minecraft:diorite":4,"minecraft:wooden_pickaxe":10,"minecraft:composter":7,"minecraft:fletching_table":11,"minecraft:blue_bed":2,"minecraft:crafting_table":5,"minecraft:blast_furnace":1,"minecraft:diamond_pickaxe":8,"minecraft:bread":25,"betterend:iron_hammer":39,"minecraft:iron_pickaxe":253,"minecraft:spruce_trapdoor":40,"minecraft:spruce_sapling":139,"minecraft:gravel":73,"minecraft:stone_axe":472,"minecraft:cobblestone":13,"minecraft:purple_bed":4,"minecraft:grindstone":20,"minecraft:smithing_table":9,"minecraft:pumpkin_pie":2},"minecraft:killed_by":{"minecraft:creeper":1,"minecraft:skeleton":2},"minecraft:custom":{"minecraft:interact_with_smithing_table":1,"minecraft:mob_kills":20,"minecraft:interact_with_crafting_table":26,"minecraft:bell_ring":54,"minecraft:leave_game":1,"minecraft:time_since_death":24455,"minecraft:sprint_one_cm":380883,"minecraft:walk_one_cm":503000,"minecraft:drop":298,"minecraft:talked_to_villager":258,"minecraft:play_time":160852,"minecraft:deaths":3,"minecraft:sneak_time":8577,"minecraft:walk_under_water_one_cm":76,"minecraft:jump":1607,"minecraft:walk_on_water_one_cm":1352,"minecraft:total_world_time":160852,"minecraft:interact_with_furnace":15,"minecraft:traded_with_villager":865,"minecraft:sleep_in_bed":10,"minecraft:time_since_rest":10253,"minecraft:damage_taken":1537,"minecraft:damage_dealt":6534,"minecraft:swim_one_cm":766,"minecraft:fly_one_cm":360402,"minecraft:open_chest":125,"minecraft:crouch_one_cm":19229,"minecraft:fall_one_cm":42414},"minecraft:crafted":{"minecraft:golden_carrot":72,"minecraft:cookie":432,"minecraft:smooth_stone":3,"minecraft:oak_planks":40,"minecraft:spruce_button":256,"minecraft:sand":64,"minecraft:furnace":2,"minecraft:blast_furnace":1,"minecraft:stone":3,"minecraft:diamond_shovel":3,"minecraft:suspicious_stew":24,"minecraft:diamond_helmet":1,"minecraft:diamond_leggings":2,"minecraft:iron_boots":27,"minecraft:iron_axe":112,"minecraft:stone_pickaxe":46,"minecraft:chest":14,"minecraft:diamond_boots":1,"minecraft:wheat":9,"minecraft:wooden_shovel":1,"minecraft:diamond_sword":1,"minecraft:emerald":2156,"minecraft:diamond_axe":3,"minecraft:crafting_table":2,"minecraft:spruce_planks":9164,"minecraft:wooden_pickaxe":1,"minecraft:iron_sword":17,"minecraft:bell":58,"minecraft:chainmail_chestplate":12,"minecraft:smithing_table":1,"minecraft:fletching_table":3,"minecraft:stone_axe":4,"minecraft:bread":260,"minecraft:air":0,"minecraft:diamond_pickaxe":2,"minecraft:stick":16868,"betterend:iron_hammer":1,"minecraft:iron_pickaxe":6,"minecraft:iron_ingot":35,"minecraft:wooden_axe":1,"minecraft:iron_shovel":1,"minecraft:pumpkin_pie":96,"minecraft:torch":60,"minecraft:diamond_chestplate":1}},"DataVersion":3465}