{"stats":{"minecraft:broken":{"minecraft:stone_axe":1},"minecraft:custom":{"minecraft:mob_kills":6,"minecraft:interact_with_crafting_table":4,"minecraft:bell_ring":41,"minecraft:time_since_death":33797,"minecraft:sleep_in_bed":2,"minecraft:time_since_rest":8973,"minecraft:sprint_one_cm":68426,"minecraft:damage_taken":30,"minecraft:walk_one_cm":155389,"minecraft:drop":10,"minecraft:damage_dealt":410,"minecraft:talked_to_villager":2,"minecraft:fly_one_cm":62932,"minecraft:open_chest":9,"minecraft:crouch_one_cm":7916,"minecraft:play_time":33797,"minecraft:sneak_time":2077,"minecraft:jump":330,"minecraft:total_world_time":33797,"minecraft:fall_one_cm":7007},"minecraft:picked_up":{"minecraft:charcoal":2,"minecraft:crafting_table":3,"minecraft:burn_pottery_sherd":1,"minecraft:oak_log":9,"minecraft:dirt":1,"minecraft:blue_bed":2,"minecraft:explorer_pottery_sherd":1,"minecraft:apple":1,"minecraft:wheat_seeds":9,"minecraft:bell":2,"minecraft:spruce_planks":82,"minecraft:grindstone":6,"minecraft:arms_up_pottery_sherd":1,"minecraft:spruce_trapdoor":28,"minecraft:furnace":1,"minecraft:stick":12,"minecraft:composter":1,"minecraft:torch":13,"minecraft:gravel":1,"minecraft:stripped_spruce_log":1,"minecraft:spruce_sapling":22,"minecraft:spruce_log":96,"minecraft:howl_pottery_sherd":1,"minecraft:purple_bed":4,"minecraft:hay_block":1,"minecraft:oak_sapling":5,"minecraft:mutton":6,"minecraft:coal":8,"minecraft:white_wool":5,"minecraft:cobblestone":8},"minecraft:mined":{"minecraft:spruce_planks":82,"minecraft:crafting_table":3,"minecraft:spruce_trapdoor":29,"minecraft:grass_block":1,"minecraft:decorated_pot":1,"minecraft:campfire":1,"minecraft:tall_grass":10,"minecraft:deepslate_coal_ore":8,"minecraft:spruce_leaves":2,"minecraft:grindstone":6,"minecraft:composter":1,"minecraft:blue_bed":2,"minecraft:wall_torch":9,"minecraft:hay_block":1,"minecraft:purple_bed":4,"minecraft:spruce_sapling":1,"minecraft:furnace":1,"minecraft:spruce_log":99,"minecraft:stripped_spruce_log":1,"minecraft:bell":2,"minecraft:grass":72,"minecraft:oak_log":22,"minecraft:gravel":1,"minecraft:stone":8},"minecraft:dropped":{"minecraft:wheat_seeds":9,"minecraft:fern":1,"minecraft:explorer_pottery_sherd":1,"minecraft:burn_pottery_sherd":1,"minecraft:howl_pottery_sherd":1,"minecraft:arms_up_pottery_sherd":1},"minecraft:used":{"minecraft:spruce_planks":371,"minecraft:wooden_pickaxe":10,"minecraft:iron_sword":1,"minecraft:blue_bed":2,"minecraft:bell":1,"minecraft:torch":17,"minecraft:dirt":1,"minecraft:crafting_table":4,"minecraft:wooden_axe":53,"minecraft:bread":3,"minecraft:iron_pickaxe":16,"minecraft:spruce_trapdoor":23,"minecraft:spruce_sapling":9,"minecraft:stone_axe":227,"minecraft:purple_bed":4},"minecraft:killed":{"minecraft:sheep":5,"minecraft:zombie":1},"minecraft:crafted":{"minecraft:crafting_table":1,"minecraft:spruce_planks":432,"minecraft:wooden_pickaxe":1,"minecraft:stone_axe":2,"minecraft:stick":4,"minecraft:wooden_axe":1,"minecraft:torch":4,"minecraft:wheat":9}},"DataVersion":3465}