{"stats":{"minecraft:picked_up":{"minecraft:stick":6,"minecraft:crafting_table":2,"minecraft:burn_pottery_sherd":1,"minecraft:stripped_spruce_log":1,"minecraft:spruce_sapling":9,"minecraft:spruce_log":40,"minecraft:blue_bed":1,"minecraft:dirt":1,"minecraft:howl_pottery_sherd":1,"minecraft:explorer_pottery_sherd":1,"minecraft:purple_bed":3,"minecraft:grindstone":2,"minecraft:mutton":6,"minecraft:arms_up_pottery_sherd":1,"minecraft:coal":7,"minecraft:white_wool":5,"minecraft:cobblestone":8,"minecraft:furnace":1},"minecraft:custom":{"minecraft:time_since_rest":9797,"minecraft:sprint_one_cm":38643,"minecraft:damage_taken":20,"minecraft:walk_one_cm":23478,"minecraft:mob_kills":5,"minecraft:drop":4,"minecraft:damage_dealt":400,"minecraft:interact_with_crafting_table":2,"minecraft:fly_one_cm":41389,"minecraft:open_chest":7,"minecraft:crouch_one_cm":250,"minecraft:play_time":9797,"minecraft:sneak_time":137,"minecraft:jump":162,"minecraft:time_since_death":9797,"minecraft:total_world_time":9797,"minecraft:fall_one_cm":4133},"minecraft:mined":{"minecraft:purple_bed":3,"minecraft:furnace":1,"minecraft:spruce_log":40,"minecraft:stripped_spruce_log":1,"minecraft:crafting_table":2,"minecraft:grass":1,"minecraft:grass_block":1,"minecraft:decorated_pot":1,"minecraft:deepslate_coal_ore":7,"minecraft:stone":8,"minecraft:grindstone":2,"minecraft:blue_bed":1},"minecraft:dropped":{"minecraft:howl_pottery_sherd":1,"minecraft:arms_up_pottery_sherd":1,"minecraft:explorer_pottery_sherd":1,"minecraft:burn_pottery_sherd":1},"minecraft:used":{"minecraft:wooden_axe":53,"minecraft:iron_pickaxe":9,"minecraft:wooden_pickaxe":10,"minecraft:dirt":1,"minecraft:crafting_table":2},"minecraft:crafted":{"minecraft:crafting_table":1,"minecraft:spruce_planks":48,"minecraft:stick":4,"minecraft:wooden_pickaxe":1,"minecraft:wooden_axe":1},"minecraft:killed":{"minecraft:sheep":5}},"DataVersion":3465}