{"stats":{"minecraft:mined":{"minecraft:spruce_planks":134,"minecraft:spruce_trapdoor":48,"marblemodfabric:raw_marble":41,"minecraft:grass_block":16,"minecraft:decorated_pot":1,"minecraft:spruce_leaves":43,"minecraft:composter":7,"minecraft:hay_block":1,"minecraft:spruce_sapling":10,"minecraft:furnace":3,"minecraft:iron_ore":40,"minecraft:snow":3,"minecraft:stripped_spruce_log":3,"minecraft:fletching_table":8,"minecraft:bell":2,"minecraft:potatoes":5,"supplementaries:stick":1,"minecraft:dirt_path":1,"minecraft:packed_ice":2,"minecraft:stone":187,"minecraft:smithing_table":8,"minecraft:glass_pane":1,"minecraft:snow_block":1,"minecraft:crafting_table":3,"minecraft:chest":1,"minecraft:dead_bush":3,"minecraft:campfire":1,"minecraft:tall_grass":27,"minecraft:cobblestone":4,"minecraft:deepslate_coal_ore":15,"minecraft:grindstone":24,"minecraft:wall_torch":13,"minecraft:diorite":4,"minecraft:blue_bed":2,"minecraft:purple_bed":4,"minecraft:wheat":18,"minecraft:spruce_log":3838,"minecraft:pumpkin_stem":2,"minecraft:grass":318,"minecraft:oak_log":27,"minecraft:coal_ore":72,"minecraft:gravel":87,"minecraft:dirt":33,"minecraft:cobweb":16,"minecraft:fern":1},"minecraft:crafted":{"minecraft:golden_carrot":135,"minecraft:cookie":432,"minecraft:smooth_stone":3,"minecraft:oak_planks":40,"minecraft:spruce_button":256,"minecraft:sand":64,"usefulbackpacks:backpack_small":1,"minecraft:furnace":2,"minecraft:blast_furnace":1,"minecraft:stone":3,"minecraft:diamond_shovel":3,"minecraft:suspicious_stew":24,"minecraft:diamond_helmet":1,"minecraft:diamond_leggings":2,"minecraft:bow":1,"minecraft:iron_boots":27,"minecraft:iron_axe":148,"minecraft:stone_pickaxe":46,"minecraft:tipped_arrow":60,"minecraft:chest":14,"minecraft:diamond_boots":1,"usefulbackpacks:backpack_medium":1,"minecraft:wheat":9,"minecraft:wooden_shovel":1,"minecraft:diamond_sword":2,"minecraft:emerald":2348,"minecraft:arrow":576,"minecraft:diamond_axe":8,"minecraft:crafting_table":2,"minecraft:spruce_planks":13452,"minecraft:wooden_pickaxe":1,"minecraft:iron_sword":17,"minecraft:bell":82,"minecraft:chainmail_chestplate":12,"minecraft:smithing_table":1,"minecraft:fletching_table":3,"minecraft:stone_axe":4,"minecraft:bread":260,"minecraft:air":0,"minecraft:white_wool":2,"minecraft:diamond_pickaxe":2,"minecraft:stick":25444,"betterend:iron_hammer":1,"minecraft:iron_ingot":35,"minecraft:iron_pickaxe":6,"minecraft:wooden_axe":1,"minecraft:iron_shovel":1,"minecraft:pumpkin_pie":96,"minecraft:torch":60,"minecraft:diamond_chestplate":1},"minecraft:dropped":{"minecraft:iron_sword":19,"minecraft:wheat_seeds":87,"minecraft:diamond_axe":1,"minecraft:diamond_leggings":1,"minecraft:cookie":432,"minecraft:chest_minecart":1,"minecraft:spruce_button":256,"minecraft:explorer_pottery_sherd":1,"minecraft:activator_rail":2,"minecraft:burn_pottery_sherd":1,"minecraft:rail":12,"minecraft:emerald":10,"minecraft:stick":1088,"minecraft:mutton":1,"minecraft:iron_axe":143,"minecraft:iron_pickaxe":5,"minecraft:stone_axe":2,"minecraft:wheat":2,"minecraft:raw_iron":8,"minecraft:rotten_flesh":3,"minecraft:iron_boots":28,"minecraft:fern":1,"minecraft:pumpkin_seeds":8,"minecraft:chainmail_chestplate":12,"minecraft:suspicious_stew":24,"minecraft:poppy":4,"minecraft:howl_pottery_sherd":1,"minecraft:iron_chestplate":1,"minecraft:melon_seeds":4,"minecraft:wooden_shovel":1,"minecraft:arms_up_pottery_sherd":1,"minecraft:spider_eye":4,"minecraft:beef":7,"minecraft:stone_pickaxe":46,"minecraft:bell":92},"minecraft:used":{"minecraft:iron_shovel":6,"minecraft:chest":13,"minecraft:spruce_planks":441,"minecraft:iron_sword":117,"minecraft:wooden_shovel":52,"minecraft:bell":2,"minecraft:stick":1,"minecraft:torch":96,"minecraft:iron_chestplate":1,"minecraft:dirt":76,"minecraft:snowball":10,"minecraft:wooden_axe":53,"minecraft:iron_axe":2244,"minecraft:iron_boots":3,"minecraft:golden_carrot":7,"minecraft:oak_sapling":1,"minecraft:furnace":4,"minecraft:egg":1,"minecraft:potato":17,"minecraft:diorite":4,"minecraft:wooden_pickaxe":10,"minecraft:composter":7,"minecraft:blue_bed":2,"minecraft:diamond_axe":1567,"minecraft:fletching_table":11,"minecraft:crafting_table":5,"minecraft:blast_furnace":1,"minecraft:diamond_pickaxe":97,"minecraft:bread":25,"betterend:iron_hammer":39,"minecraft:iron_pickaxe":253,"minecraft:spruce_trapdoor":40,"minecraft:spruce_sapling":214,"minecraft:gravel":73,"minecraft:stone_axe":472,"minecraft:diamond_sword":44,"minecraft:cobblestone":27,"minecraft:purple_bed":4,"minecraft:grindstone":20,"minecraft:smithing_table":9,"minecraft:pumpkin_pie":2},"minecraft:broken":{"minecraft:iron_axe":4,"minecraft:stone_axe":2,"minecraft:iron_pickaxe":1},"minecraft:killed":{"minecraft:spider":4,"minecraft:skeleton":8,"minecraft:horse":4,"minecraft:iron_golem":3,"minecraft:creeper":1,"minecraft:sheep":6,"minecraft:trader_llama":1,"minecraft:zombie":5,"minecraft:cow":5},"minecraft:killed_by":{"minecraft:creeper":1,"minecraft:skeleton":2},"minecraft:picked_up":{"minecraft:charcoal":2,"minecraft:iron_chestplate":3,"minecraft:crafting_table":3,"minecraft:wheat":17,"minecraft:chest_minecart":1,"minecraft:smithing_table":8,"minecraft:lead":1,"minecraft:enchanted_book":2,"minecraft:string":35,"minecraft:iron_axe":19,"minecraft:explorer_pottery_sherd":1,"minecraft:iron_shovel":1,"supplementaries:bomb":2,"minecraft:activator_rail":4,"minecraft:spruce_planks":214,"minecraft:beef":7,"minecraft:wooden_shovel":1,"minecraft:poppy":4,"minecraft:iron_pickaxe":2,"supplementaries:rope":10,"minecraft:chest":1,"minecraft:spruce_trapdoor":47,"minecraft:furnace":3,"minecraft:iron_boots":3,"minecraft:egg":1,"minecraft:stick":1324,"minecraft:raw_iron":93,"minecraft:composter":7,"minecraft:torch":58,"minecraft:diorite":4,"minecraft:redstone":18,"minecraft:howl_pottery_sherd":1,"minecraft:arrow":8,"minecraft:rotten_flesh":4,"minecraft:hay_block":1,"minecraft:glow_berries":13,"minecraft:mutton":7,"minecraft:snowball":15,"marblemodfabric:raw_marble":82,"minecraft:rail":24,"minecraft:white_wool":6,"minecraft:cobblestone":298,"minecraft:burn_pottery_sherd":1,"jewelry:gold_ring":1,"minecraft:leather":8,"minecraft:potato":17,"minecraft:flint":7,"minecraft:oak_log":16,"minecraft:gunpowder":1,"minecraft:dirt":79,"minecraft:blue_bed":2,"minecraft:bone":11,"minecraft:apple":1,"minecraft:wheat_seeds":87,"minecraft:bell":14,"minecraft:iron_ingot":11,"minecraft:grindstone":24,"minecraft:fletching_table":8,"minecraft:arms_up_pottery_sherd":1,"minecraft:iron_sword":5,"minecraft:gravel":87,"minecraft:stripped_spruce_log":3,"minecraft:spruce_sapling":479,"minecraft:spruce_log":4220,"minecraft:spider_eye":4,"minecraft:pumpkin_seeds":8,"minecraft:purple_bed":4,"minecraft:diamond_axe":1,"minecraft:bone_meal":1,"minecraft:bread":128,"minecraft:emerald":10,"minecraft:oak_sapling":6,"minecraft:melon_seeds":4,"minecraft:coal":163},"minecraft:custom":{"minecraft:interact_with_smithing_table":1,"minecraft:mob_kills":37,"minecraft:interact_with_crafting_table":29,"minecraft:bell_ring":54,"minecraft:leave_game":3,"minecraft:time_since_death":100814,"minecraft:sprint_one_cm":491052,"minecraft:walk_one_cm":574628,"minecraft:drop":367,"minecraft:talked_to_villager":348,"minecraft:play_time":237211,"minecraft:deaths":3,"minecraft:sneak_time":9154,"minecraft:walk_under_water_one_cm":76,"minecraft:jump":2025,"minecraft:walk_on_water_one_cm":1352,"minecraft:total_world_time":237211,"minecraft:interact_with_furnace":16,"minecraft:traded_with_villager":1193,"minecraft:sleep_in_bed":13,"minecraft:time_since_rest":17052,"minecraft:damage_taken":1832,"minecraft:damage_dealt":9203,"minecraft:swim_one_cm":766,"minecraft:fly_one_cm":449335,"minecraft:open_chest":174,"minecraft:crouch_one_cm":20782,"minecraft:fall_one_cm":56006}},"DataVersion":3465}