{"stats":{"minecraft:broken":{"minecraft:stone_axe":1},"minecraft:custom":{"minecraft:mob_kills":7,"minecraft:interact_with_crafting_table":5,"minecraft:bell_ring":41,"minecraft:time_since_death":45797,"minecraft:sleep_in_bed":3,"minecraft:time_since_rest":7652,"minecraft:sprint_one_cm":69824,"minecraft:damage_taken":30,"minecraft:walk_one_cm":234464,"minecraft:drop":10,"minecraft:damage_dealt":1411,"minecraft:talked_to_villager":5,"minecraft:fly_one_cm":63174,"minecraft:open_chest":12,"minecraft:crouch_one_cm":9122,"minecraft:play_time":45797,"minecraft:sneak_time":3280,"minecraft:jump":358,"minecraft:total_world_time":45797,"minecraft:fall_one_cm":7694},"minecraft:picked_up":{"minecraft:charcoal":2,"minecraft:crafting_table":3,"minecraft:burn_pottery_sherd":1,"minecraft:oak_log":9,"minecraft:dirt":1,"minecraft:blue_bed":2,"minecraft:explorer_pottery_sherd":1,"minecraft:apple":1,"minecraft:wheat_seeds":9,"minecraft:bell":2,"minecraft:spruce_planks":106,"minecraft:iron_ingot":3,"minecraft:grindstone":11,"minecraft:poppy":1,"minecraft:arms_up_pottery_sherd":1,"minecraft:spruce_trapdoor":47,"minecraft:furnace":1,"minecraft:stick":12,"minecraft:composter":3,"minecraft:torch":13,"minecraft:gravel":1,"minecraft:stripped_spruce_log":1,"minecraft:spruce_sapling":22,"minecraft:spruce_log":96,"minecraft:howl_pottery_sherd":1,"minecraft:purple_bed":4,"minecraft:hay_block":1,"minecraft:oak_sapling":5,"minecraft:mutton":6,"minecraft:coal":8,"minecraft:white_wool":5,"minecraft:cobblestone":8},"minecraft:mined":{"minecraft:spruce_planks":107,"minecraft:crafting_table":3,"minecraft:spruce_trapdoor":48,"minecraft:grass_block":1,"minecraft:decorated_pot":1,"minecraft:campfire":1,"minecraft:tall_grass":10,"minecraft:deepslate_coal_ore":8,"minecraft:spruce_leaves":2,"minecraft:grindstone":11,"minecraft:composter":3,"minecraft:blue_bed":2,"minecraft:wall_torch":9,"minecraft:hay_block":1,"minecraft:purple_bed":4,"minecraft:spruce_sapling":1,"minecraft:furnace":1,"minecraft:spruce_log":99,"minecraft:stripped_spruce_log":1,"minecraft:bell":2,"minecraft:grass":73,"minecraft:oak_log":22,"minecraft:gravel":1,"minecraft:stone":8},"minecraft:dropped":{"minecraft:wheat_seeds":9,"minecraft:fern":1,"minecraft:explorer_pottery_sherd":1,"minecraft:burn_pottery_sherd":1,"minecraft:howl_pottery_sherd":1,"minecraft:arms_up_pottery_sherd":1},"minecraft:used":{"minecraft:chest":2,"minecraft:spruce_planks":421,"minecraft:wooden_pickaxe":10,"minecraft:iron_sword":19,"minecraft:composter":2,"minecraft:blue_bed":2,"minecraft:bell":1,"minecraft:torch":17,"minecraft:dirt":1,"minecraft:crafting_table":4,"minecraft:wooden_axe":53,"minecraft:bread":3,"minecraft:iron_pickaxe":21,"minecraft:spruce_trapdoor":39,"minecraft:spruce_sapling":9,"minecraft:stone_axe":273,"minecraft:purple_bed":4,"minecraft:grindstone":8},"minecraft:killed":{"minecraft:iron_golem":1,"minecraft:sheep":5,"minecraft:zombie":1},"minecraft:crafted":{"minecraft:crafting_table":1,"minecraft:spruce_planks":432,"minecraft:wooden_pickaxe":1,"minecraft:stone_axe":2,"minecraft:stick":4,"minecraft:wooden_axe":1,"minecraft:chest":2,"minecraft:torch":4,"minecraft:wheat":9}},"DataVersion":3465}