{"stats":{"minecraft:picked_up":{"minecraft:charcoal":2,"minecraft:iron_chestplate":2,"minecraft:crafting_table":3,"minecraft:wheat":17,"minecraft:chest_minecart":1,"minecraft:smithing_table":8,"minecraft:lead":1,"minecraft:enchanted_book":1,"minecraft:string":33,"minecraft:iron_axe":3,"minecraft:explorer_pottery_sherd":1,"minecraft:iron_shovel":1,"minecraft:activator_rail":2,"minecraft:spruce_planks":214,"minecraft:wooden_shovel":1,"minecraft:poppy":4,"minecraft:iron_pickaxe":2,"minecraft:chest":1,"minecraft:spruce_trapdoor":47,"minecraft:iron_boots":2,"minecraft:furnace":3,"minecraft:raw_iron":62,"minecraft:stick":1134,"minecraft:composter":7,"minecraft:torch":40,"minecraft:diorite":4,"minecraft:redstone":9,"minecraft:howl_pottery_sherd":1,"minecraft:arrow":4,"minecraft:rotten_flesh":4,"minecraft:hay_block":1,"minecraft:mutton":6,"marblemodfabric:raw_marble":41,"minecraft:rail":12,"minecraft:cobblestone":237,"minecraft:snowball":9,"minecraft:white_wool":5,"minecraft:burn_pottery_sherd":1,"minecraft:potato":17,"minecraft:flint":7,"minecraft:oak_log":15,"minecraft:blue_bed":2,"minecraft:dirt":59,"minecraft:bone":3,"minecraft:apple":1,"minecraft:wheat_seeds":74,"minecraft:bell":2,"minecraft:grindstone":16,"minecraft:iron_ingot":11,"minecraft:fletching_table":8,"minecraft:iron_sword":2,"minecraft:arms_up_pottery_sherd":1,"minecraft:gravel":87,"minecraft:stripped_spruce_log":3,"minecraft:spruce_sapling":206,"minecraft:spruce_log":1901,"minecraft:spider_eye":4,"minecraft:pumpkin_seeds":8,"minecraft:purple_bed":4,"minecraft:bone_meal":1,"minecraft:bread":101,"minecraft:oak_sapling":6,"minecraft:melon_seeds":4,"minecraft:coal":125},"minecraft:broken":{"minecraft:iron_axe":4,"minecraft:stone_axe":2,"minecraft:iron_pickaxe":1},"minecraft:dropped":{"minecraft:wheat_seeds":74,"minecraft:chest_minecart":1,"minecraft:spruce_button":256,"minecraft:explorer_pottery_sherd":1,"minecraft:burn_pottery_sherd":1,"minecraft:stick":1088,"minecraft:iron_axe":1,"minecraft:stone_axe":2,"minecraft:wheat":2,"minecraft:raw_iron":8,"minecraft:rotten_flesh":3,"minecraft:fern":1,"minecraft:pumpkin_seeds":8,"minecraft:poppy":4,"minecraft:howl_pottery_sherd":1,"minecraft:melon_seeds":4,"minecraft:arms_up_pottery_sherd":1,"minecraft:wooden_shovel":1,"minecraft:spider_eye":4,"minecraft:stone_pickaxe":34},"minecraft:mined":{"minecraft:spruce_planks":134,"minecraft:spruce_trapdoor":48,"marblemodfabric:raw_marble":41,"minecraft:grass_block":16,"minecraft:decorated_pot":1,"minecraft:spruce_leaves":14,"minecraft:composter":7,"minecraft:hay_block":1,"minecraft:spruce_sapling":4,"minecraft:furnace":3,"minecraft:iron_ore":40,"minecraft:snow":3,"minecraft:stripped_spruce_log":3,"minecraft:fletching_table":8,"minecraft:bell":2,"supplementaries:stick":1,"minecraft:potatoes":5,"minecraft:dirt_path":1,"minecraft:packed_ice":2,"minecraft:stone":132,"minecraft:smithing_table":8,"minecraft:glass_pane":1,"minecraft:snow_block":1,"minecraft:crafting_table":3,"minecraft:chest":1,"minecraft:dead_bush":3,"minecraft:campfire":1,"minecraft:tall_grass":22,"minecraft:cobblestone":4,"minecraft:deepslate_coal_ore":15,"minecraft:grindstone":16,"minecraft:diorite":4,"minecraft:blue_bed":2,"minecraft:wall_torch":13,"minecraft:purple_bed":4,"minecraft:wheat":18,"minecraft:spruce_log":1911,"minecraft:pumpkin_stem":2,"minecraft:grass":191,"minecraft:oak_log":27,"minecraft:coal_ore":39,"minecraft:gravel":87,"minecraft:dirt":28,"minecraft:cobweb":15,"minecraft:fern":1},"minecraft:killed":{"minecraft:spider":3,"minecraft:skeleton":3,"minecraft:iron_golem":3,"minecraft:sheep":5,"minecraft:trader_llama":1,"minecraft:zombie":5},"minecraft:used":{"minecraft:iron_shovel":6,"minecraft:spruce_planks":441,"minecraft:chest":11,"minecraft:iron_sword":116,"minecraft:wooden_shovel":52,"minecraft:bell":2,"minecraft:iron_chestplate":1,"minecraft:stick":1,"minecraft:torch":96,"minecraft:dirt":56,"minecraft:snowball":4,"minecraft:wooden_axe":53,"minecraft:iron_axe":1790,"minecraft:iron_boots":2,"minecraft:furnace":2,"minecraft:oak_sapling":1,"minecraft:potato":17,"minecraft:diorite":4,"minecraft:wooden_pickaxe":10,"minecraft:composter":7,"minecraft:fletching_table":11,"minecraft:blue_bed":2,"minecraft:crafting_table":5,"minecraft:blast_furnace":1,"minecraft:bread":25,"betterend:iron_hammer":39,"minecraft:iron_pickaxe":253,"minecraft:spruce_trapdoor":40,"minecraft:spruce_sapling":108,"minecraft:gravel":73,"minecraft:stone_axe":472,"minecraft:cobblestone":13,"minecraft:purple_bed":4,"minecraft:grindstone":11,"minecraft:smithing_table":9},"minecraft:killed_by":{"minecraft:creeper":1,"minecraft:skeleton":2},"minecraft:crafted":{"minecraft:smooth_stone":3,"minecraft:oak_planks":36,"minecraft:spruce_button":256,"minecraft:blast_furnace":1,"minecraft:stone":3,"minecraft:iron_boots":3,"minecraft:iron_axe":47,"minecraft:stone_pickaxe":34,"minecraft:chest":10,"minecraft:wheat":9,"minecraft:wooden_shovel":1,"minecraft:emerald":280,"minecraft:crafting_table":2,"minecraft:spruce_planks":5736,"minecraft:wooden_pickaxe":1,"minecraft:iron_sword":6,"minecraft:bell":2,"minecraft:smithing_table":1,"minecraft:fletching_table":3,"minecraft:stone_axe":4,"minecraft:bread":98,"minecraft:air":0,"minecraft:stick":9928,"betterend:iron_hammer":1,"minecraft:iron_ingot":4,"minecraft:wooden_axe":1,"minecraft:iron_shovel":1,"minecraft:torch":60},"minecraft:custom":{"minecraft:interact_with_smithing_table":1,"minecraft:mob_kills":20,"minecraft:interact_with_crafting_table":24,"minecraft:bell_ring":54,"minecraft:leave_game":1,"minecraft:time_since_death":455,"minecraft:sprint_one_cm":330096,"minecraft:walk_one_cm":457198,"minecraft:drop":95,"minecraft:talked_to_villager":144,"minecraft:play_time":136852,"minecraft:deaths":3,"minecraft:sneak_time":8396,"minecraft:jump":1485,"minecraft:walk_on_water_one_cm":28,"minecraft:total_world_time":136852,"minecraft:interact_with_furnace":9,"minecraft:traded_with_villager":386,"minecraft:sleep_in_bed":9,"minecraft:time_since_rest":249,"minecraft:damage_taken":1537,"minecraft:damage_dealt":6534,"minecraft:fly_one_cm":309849,"minecraft:open_chest":81,"minecraft:crouch_one_cm":19179,"minecraft:fall_one_cm":39341}},"DataVersion":3465}