{"stats":{"minecraft:picked_up":{"minecraft:charcoal":2,"minecraft:stick":9,"minecraft:crafting_table":2,"minecraft:burn_pottery_sherd":1,"minecraft:composter":1,"minecraft:torch":3,"minecraft:stripped_spruce_log":1,"minecraft:spruce_sapling":20,"minecraft:spruce_log":56,"minecraft:blue_bed":2,"minecraft:dirt":1,"minecraft:howl_pottery_sherd":1,"minecraft:explorer_pottery_sherd":1,"minecraft:purple_bed":4,"minecraft:wheat_seeds":9,"minecraft:hay_block":1,"minecraft:spruce_planks":13,"minecraft:bell":2,"minecraft:grindstone":6,"minecraft:spruce_trapdoor":23,"minecraft:mutton":6,"minecraft:arms_up_pottery_sherd":1,"minecraft:coal":8,"minecraft:white_wool":5,"minecraft:cobblestone":8,"minecraft:furnace":1},"minecraft:custom":{"minecraft:time_since_rest":11569,"minecraft:sprint_one_cm":59052,"minecraft:damage_taken":30,"minecraft:walk_one_cm":102078,"minecraft:mob_kills":5,"minecraft:drop":10,"minecraft:damage_dealt":400,"minecraft:talked_to_villager":2,"minecraft:interact_with_crafting_table":3,"minecraft:fly_one_cm":55729,"minecraft:open_chest":9,"minecraft:crouch_one_cm":2889,"minecraft:play_time":21797,"minecraft:bell_ring":41,"minecraft:sneak_time":857,"minecraft:jump":259,"minecraft:time_since_death":21797,"minecraft:sleep_in_bed":1,"minecraft:total_world_time":21797,"minecraft:fall_one_cm":5573},"minecraft:mined":{"minecraft:hay_block":1,"minecraft:purple_bed":4,"minecraft:spruce_planks":13,"minecraft:spruce_sapling":1,"minecraft:furnace":1,"minecraft:spruce_log":56,"minecraft:stripped_spruce_log":1,"minecraft:crafting_table":2,"minecraft:spruce_trapdoor":24,"minecraft:bell":2,"minecraft:grass":72,"minecraft:grass_block":1,"minecraft:decorated_pot":1,"minecraft:campfire":1,"minecraft:tall_grass":10,"minecraft:deepslate_coal_ore":8,"minecraft:spruce_leaves":2,"minecraft:stone":8,"minecraft:grindstone":6,"minecraft:composter":1,"minecraft:wall_torch":3,"minecraft:blue_bed":2},"minecraft:dropped":{"minecraft:wheat_seeds":9,"minecraft:howl_pottery_sherd":1,"minecraft:arms_up_pottery_sherd":1,"minecraft:fern":1,"minecraft:explorer_pottery_sherd":1,"minecraft:burn_pottery_sherd":1},"minecraft:used":{"minecraft:wooden_axe":53,"minecraft:bread":3,"minecraft:iron_pickaxe":16,"minecraft:spruce_planks":248,"minecraft:wooden_pickaxe":10,"minecraft:spruce_sapling":9,"minecraft:bell":1,"minecraft:blue_bed":2,"minecraft:stone_axe":83,"minecraft:torch":3,"minecraft:dirt":1,"minecraft:purple_bed":4,"minecraft:crafting_table":3},"minecraft:crafted":{"minecraft:crafting_table":1,"minecraft:spruce_planks":272,"minecraft:stick":4,"minecraft:wooden_pickaxe":1,"minecraft:wooden_axe":1,"minecraft:stone_axe":1},"minecraft:killed":{"minecraft:sheep":5}},"DataVersion":3465}